job_title,company,location,job_url,job_category
online english teacher,native camp,japan,https://weworkremotely.com/remote-jobs/native-camp-online-english-teacher-30,Other
managing editor,the swiftest,san francisco,https://weworkremotely.com/remote-jobs/the-swiftest-managing-editor,Other
full-stack engineer python/react/genai,toptal,remote,https://weworkremotely.com/remote-jobs/toptal-full-stack-engineer-python-react-genai,Back-End
freelance writer,prowritersites,new york,https://weworkremotely.com/remote-jobs/prowritersites-freelance-writer,Other
embedded firmware developer,toptal,remote,https://weworkremotely.com/remote-jobs/toptal-embedded-firmware-developer,Other
network engineer for ai automotive product,toptal,remote,https://weworkremotely.com/remote-jobs/toptal-network-engineer-for-ai-automotive-product,Product
financial model and prompt creator with spreadsheet expertise,toptal,remote,https://weworkremotely.com/remote-jobs/toptal-financial-model-and-prompt-creator-with-spreadsheet-expertise,Other
ai development advisor,newtonx,new york ny,https://weworkremotely.com/remote-jobs/newtonx-ai-development-advisor,Other
junior crypto analyst  trader,white bridge ltd,white bridge ltd,https://weworkremotely.com/remote-jobs/white-bridge-ltd-junior-crypto-analyst-trader,Management / Finance
remote data entry clerk,nogigiddy,atlanta georgia,https://weworkremotely.com/remote-jobs/nogigiddy-remote-data-entry-clerk-7,Other
ai trainer multiple roles  50-200/hr,helix recruit,singapore,https://weworkremotely.com/remote-jobs/helix-recruit-ai-trainer-multiple-roles-50-200-hr-2,Other
ft/pt remote ai prompt engineering  evaluation - will train,dataannotation.tech,new york ny,https://weworkremotely.com/remote-jobs/dataannotation-tech-ft-pt-remote-ai-prompt-engineering-evaluation-will-train,Other
strategic it advisor,newtonx,new york ny,https://weworkremotely.com/remote-jobs/newtonx-strategic-it-advisor-2,Other
senior machine learning engineer,zencastr,zencastr,https://weworkremotely.com/remote-jobs/zencastr-senior-machine-learning-engineer,Other
virtual financial advisor - minneapolis,thrivent,mpls-corporate center,https://weworkremotely.com/remote-jobs/thrivent-virtual-financial-advisor-minneapolis,Other
field service technician,fresenius medical care,atlanta ga usa,https://weworkremotely.com/remote-jobs/fresenius-medical-care-field-service-technician,Other
bilingual treatment design team manager,solventum,cr heredia virtual,https://weworkremotely.com/remote-jobs/solventum-bilingual-treatment-design-team-manager,Management / Finance
customer service consultant dallas remote,carmax,7977 - dallas cec,https://weworkremotely.com/remote-jobs/carmax-customer-service-consultant-dallas-remote,Customer Support
remote sensing engineer,introduction serco,italy,https://weworkremotely.com/remote-jobs/introduction-serco-remote-sensing-engineer,Other
junior tax specialist,mailerlite,usa,https://weworkremotely.com/remote-jobs/mailerlite-junior-tax-specialist,Other
cloud security engineer,xm,cyprus or remote,https://weworkremotely.com/remote-jobs/xm-cloud-security-engineer,DevOps / Sysadmin
global support services engineer,trt solutions limited,trt solutions limited,https://weworkremotely.com/remote-jobs/trt-solutions-limited-global-support-services-engineer,Customer Support
b2b online company stores manager,onepoint,marietta ga,https://weworkremotely.com/remote-jobs/onepoint-b2b-online-company-stores-manager,Management / Finance
video editor reels/tiktok,ese agency,zurich switzerland,https://weworkremotely.com/remote-jobs/ese-agency-video-editor-reels-tiktok,Other
virtual assistant bilingual with vietnamese and english required,the lawgical firm p.a.,orlando fl,https://weworkremotely.com/remote-jobs/the-lawgical-firm-p-a-virtual-assistant-bilingual-with-vietnamese-and-english-required,Front-End
senior php developer,onthegosystems,remote,https://weworkremotely.com/remote-jobs/onthegosystems-senior-php-developer-3,Back-End
senior backend engineer - full remote,zencastr,zencastr,https://weworkremotely.com/remote-jobs/zencastr-senior-backend-engineer-full-remote,Back-End
php developer spanish french or german speakers,onthegosystems,remote,https://weworkremotely.com/remote-jobs/onthegosystems-php-developer-spanish-french-or-german-speakers,Back-End
web developer,dreamrider productions careers,remote vancouver bc canada . contract . december 7 2023,https://weworkremotely.com/remote-jobs/dreamrider-productions-careers-web-developer,Other
senior web developer remote,walker smith,dunedin new zealand,https://weworkremotely.com/remote-jobs/walker-smith-senior-web-developer-remote,Other
enterprise account executive - west,webflow,ca remote bc  on only u.s. remote,https://weworkremotely.com/remote-jobs/webflow-enterprise-account-executive-west,Sales / Marketing
manager web development,servicetitan,us in remote,https://weworkremotely.com/remote-jobs/servicetitan-manager-web-development,Management / Finance
full stack developer javascript,codekeeper,remote,https://weworkremotely.com/remote-jobs/codekeeper-full-stack-developer-javascript,Back-End
web developer contract,madeo,brooklyn ny,https://weworkremotely.com/remote-jobs/madeo-web-developer-contract,Other
freelance agent evaluation engineer,mindrift,india,https://weworkremotely.com/remote-jobs/mindrift-freelance-agent-evaluation-engineer,Other
freelance senior python developer / functional test frameworks,mindrift,india,https://weworkremotely.com/remote-jobs/mindrift-freelance-senior-python-developer-functional-test-frameworks,Back-End
core software engineer c++ - remote,clickhouse,san francisco us,https://weworkremotely.com/remote-jobs/clickhouse-core-software-engineer-c-remote,Back-End
senior software engineer - backend/python - usa only 100 remote,close,usa,https://weworkremotely.com/remote-jobs/close-senior-software-engineer-backend-python-usa-only-100-remote-1,Back-End
senior backend engineer,proton.ai,cambridge ma,https://weworkremotely.com/remote-jobs/proton-ai-senior-backend-engineer,Back-End
senior python  llm /ai engineer,lemon.io,new york ny,https://weworkremotely.com/remote-jobs/lemon-io-senior-python-llm-ai-engineer,Back-End
senior backend developer node.js / nest.js,proxify ab,sweden,https://weworkremotely.com/remote-jobs/proxify-ab-senior-backend-developer-node-js-nest-js-1,Back-End
senior backend developer python,proxify ab,sweden,https://weworkremotely.com/remote-jobs/proxify-ab-senior-backend-developer-python-6,Back-End
contract software engineer ai x biology,great good,remote,https://weworkremotely.com/remote-jobs/great-good-contract-software-engineer-ai-x-biology,Other
manager  wordpress delivery,vsplash techlabs,remote,https://weworkremotely.com/remote-jobs/vsplash-techlabs-manager-wordpress-delivery,Management / Finance
data analyst,ahu technologies,washington dc 20009,https://weworkremotely.com/remote-jobs/ahu-technologies-data-analyst-1,Management / Finance
systems engineer - senior -- web development  it effectiveness - software engineering  web applications nps035040,prosidian consulting,12201 sunrise valley dr reston va 20192 usa,https://weworkremotely.com/remote-jobs/prosidian-consulting-systems-engineer-senior-web-development-it-effectiveness-software-engineering,Other
web development intern,divergent ng,remote,https://weworkremotely.com/remote-jobs/divergent-ng-web-development-intern,Other
clinical trial web application developer,everest clinical research,bucharest 030144 romania,https://weworkremotely.com/remote-jobs/everest-clinical-research-clinical-trial-web-application-developer,Other
senior data engineer,sanctuary computer,new york city,https://weworkremotely.com/remote-jobs/sanctuary-computer-senior-data-engineer,Other
senior software engineer,semaphore technologies,novi sad,https://weworkremotely.com/remote-jobs/semaphore-technologies-senior-software-engineer,Other
regional sales executive account manager,dealer eprocess,remote,https://weworkremotely.com/remote-jobs/dealer-eprocess-regional-sales-executive-account-manager-1,Sales / Marketing
fpga development engineer,nutechs,novi mi 48304,https://weworkremotely.com/remote-jobs/nutechs-fpga-development-engineer,Other
commerce tools + node js + cloud,aliqan technologies,noida,https://weworkremotely.com/remote-jobs/aliqan-technologies-commerce-tools-node-js-cloud,DevOps / Sysadmin
senior back-end web developer,eran group,india,https://weworkremotely.com/remote-jobs/eran-group-senior-back-end-web-developer,Other
ai/ml engineer  llm systems m/w/d,anexia internetdienstleistungs,klagenfurt 9020 austria,https://weworkremotely.com/remote-jobs/anexia-internetdienstleistungs-ai-ml-engineer-llm-systems-m-w-d,Other
data engineer m/w/d,anexia internetdienstleistungs,klagenfurt 9020 austria,https://weworkremotely.com/remote-jobs/anexia-internetdienstleistungs-data-engineer-m-w-d,Other
jetbrains web developer advocate developer advocacy,jetbrains,amsterdam netherlands belgrade serbia berlin germany limassol cyprus madrid spain munich germany paphos cyprus prague czech republic remote germany warsaw poland yerevan armenia,https://weworkremotely.com/remote-jobs/jetbrains-jetbrains-web-developer-advocate-developer-advocacy,Other
web designer,hex technologies,sf ny or remote usa,https://weworkremotely.com/remote-jobs/hex-technologies-web-designer,Design
head of web dev,activate talent,south africa,https://weworkremotely.com/remote-jobs/activate-talent-head-of-web-dev,Other
marketing web developer,jobgether,japan,https://weworkremotely.com/remote-jobs/jobgether-marketing-web-developer,Sales / Marketing
sr. engineer frontend ux eng,zappier,san francisco us,https://weworkremotely.com/remote-jobs/zappier-sr-engineer-frontend-ux-eng,Front-End
senior next.js developer,proxify ab,sweden,https://weworkremotely.com/remote-jobs/proxify-ab-senior-next-js-developer-4,Other
frontend engineer,mobena,new york ny,https://weworkremotely.com/remote-jobs/mobena-frontend-engineer,Front-End
ftg engineer,aliqan technologies,noida,https://weworkremotely.com/remote-jobs/aliqan-technologies-ftg-engineer,Other
java / web developer with german,european dynamics,athens attica greece,https://weworkremotely.com/remote-jobs/european-dynamics-java-web-developer-with-german,Back-End
web designer,truv,remote,https://weworkremotely.com/remote-jobs/truv-web-designer,Design
web graphic designer,productive shop,sao paulo brazil,https://weworkremotely.com/remote-jobs/productive-shop-web-graphic-designer,Design
curam business analyst,ahu technologies,washington dc 20009,https://weworkremotely.com/remote-jobs/ahu-technologies-curam-business-analyst,Management / Finance
lead frontend engineer,superplane inc.,usa,https://weworkremotely.com/remote-jobs/superplane-inc-lead-frontend-engineer,Front-End
software engineer macos core product,speechify inc,florida,https://weworkremotely.com/remote-jobs/speechify-inc-software-engineer-macos-core-product,Product
sales representative  fire protection inspections - columbus ga,ahu technologies,washington dc 20009,https://weworkremotely.com/remote-jobs/ahu-technologies-sales-representative-fire-protection-inspections-columbus-ga,Sales / Marketing
senior trainer,ahu technologies,washington dc 20009,https://weworkremotely.com/remote-jobs/ahu-technologies-senior-trainer,Other
web developer remote- canada and/or united states ,sangoma,toronto ontario canada,https://weworkremotely.com/remote-jobs/sangoma-web-developer-remote-canada-and-or-united-states,Other
website developer,perry homes,houston texas united states,https://weworkremotely.com/remote-jobs/perry-homes-website-developer,Other
software engineer ios core product,speechify inc,florida,https://weworkremotely.com/remote-jobs/speechify-inc-software-engineer-ios-core-product,Product
senior cloud devops engineer - guatemala,nclouds,remote,https://weworkremotely.com/remote-jobs/nclouds-senior-cloud-devops-engineer-guatemala,DevOps / Sysadmin
senior dataops engineer,dlocal,barcelona / madrid,https://weworkremotely.com/remote-jobs/dlocal-senior-dataops-engineer,Other
devops engineer w/m/d,transfermarkt,de - hamburg remote,https://weworkremotely.com/remote-jobs/transfermarkt-devops-engineer-w-m-d,DevOps / Sysadmin
principal devops engineer - seattle wa or arlington va 50 remote,oracle,wa united states,https://weworkremotely.com/remote-jobs/oracle-principal-devops-engineer-seattle-wa-or-arlington-va-50-remote,DevOps / Sysadmin
remote full time sre devops engagement lead  cloud platform architect,capb infotek,remote usa,https://weworkremotely.com/remote-jobs/capb-infotek-remote-full-time-sre-devops-engagement-lead-cloud-platform-architect,DevOps / Sysadmin
senior devops full remote,blackfluo.ai,valletta south eastern region malta,https://weworkremotely.com/remote-jobs/blackfluo-ai-senior-devops-full-remote,DevOps / Sysadmin
devops engineer poland remote,turnitin,poznań poland,https://weworkremotely.com/remote-jobs/turnitin-devops-engineer-poland-remote,DevOps / Sysadmin
devops engineer,inco,remote,https://weworkremotely.com/remote-jobs/inco-devops-engineer,DevOps / Sysadmin
devops engineer,graham healthcare group,remote/nationwide usa,https://weworkremotely.com/remote-jobs/graham-healthcare-group-devops-engineer,DevOps / Sysadmin
senior cloud infrastructure engineer,digioh,san francisco usa,https://weworkremotely.com/remote-jobs/digioh-senior-cloud-infrastructure-engineer,DevOps / Sysadmin
senior devops engineer,marketerx,nashville tn,https://weworkremotely.com/remote-jobs/marketerx-senior-devops-engineer,DevOps / Sysadmin
qa automation/devops engineer for mke4k,mirantis,barcelona spain,https://weworkremotely.com/remote-jobs/mirantis-qa-automation-devops-engineer-for-mke4k,DevOps / Sysadmin
senior devops engineer for open sovereign cloud,deutsche telekom it solutions slovakia,moldavská cesta 040 11 košice slovakia,https://weworkremotely.com/remote-jobs/deutsche-telekom-it-solutions-slovakia-senior-devops-engineer-for-open-sovereign-cloud,DevOps / Sysadmin
utleiemegleren forvaltning as,intro.io,remote,https://weworkremotely.com/remote-jobs/intro-io-utleiemegleren-forvaltning-as,Other
google cloud platform devops engineer,lmg staffing solutions,bogotá bogota colombia,https://weworkremotely.com/remote-jobs/lmg-staffing-solutions-google-cloud-platform-devops-engineer,DevOps / Sysadmin
devops.infrastructure_saloni,coders brain technology,remote,https://weworkremotely.com/remote-jobs/coders-brain-technology-devops-infrastructure_saloni,DevOps / Sysadmin
senior devops engineer aws,proxify ab,sweden,https://weworkremotely.com/remote-jobs/proxify-ab-senior-devops-engineer-aws-6,DevOps / Sysadmin
ingénieure devops/sre - île-de-france,sopra steria,1 rue serpentines 92400 courbevoie france,https://weworkremotely.com/remote-jobs/sopra-steria-ingenieur-e-devops-sre-ile-de-france,DevOps / Sysadmin
sr. devops engineer / cloud architect,agentic dream,remote colombia,https://weworkremotely.com/remote-jobs/agentic-dream-sr-devops-engineer-cloud-architect,DevOps / Sysadmin
infra/devops engineer,maze,remote europe,https://weworkremotely.com/remote-jobs/maze-infra-devops-engineer,DevOps / Sysadmin
devops team lead,cross border talents,romania,https://weworkremotely.com/remote-jobs/cross-border-talents-devops-team-lead,DevOps / Sysadmin
devops engineer,nogood,egypt,https://weworkremotely.com/remote-jobs/nogood-devops-engineer,DevOps / Sysadmin
senior devops engineer,launch legends,remote,https://weworkremotely.com/remote-jobs/launch-legends-senior-devops-engineer,DevOps / Sysadmin
devops engineer,zenocloud,new delhi 110034 india,https://weworkremotely.com/remote-jobs/zenocloud-devops-engineer,DevOps / Sysadmin
freelancer m/w/d im customer service inbound - weltweit - 100 remote,hey contact heroes gmbh,germany hamburg,https://weworkremotely.com/remote-jobs/hey-contact-heroes-gmbh-freelancer-m-w-d-im-customer-service-inbound-weltweit-100-remote,Customer Support
1k weekly work from home job position,best estimate pro,usa,https://weworkremotely.com/remote-jobs/best-estimate-pro-1k-weekly-work-from-home-job-position,Other
live technical support representative  full-time 40 hrs/week satsun required tues-wed off  40000/year + benefits  locations ca id or tx wa,porkbun,oregon usa,https://weworkremotely.com/remote-jobs/porkbun-live-technical-support-representative-full-time-40-hrs-week-sat-sun-required-tues-wed-off-40-000-year,Front-End
remote customer support - 20/hr - united states,remote talent cloud,cheyenne wy,https://weworkremotely.com/remote-jobs/remote-talent-cloud-remote-customer-support-20-hr-united-states-2,Customer Support
customer support agent remote,crae group ltd,cyprus,https://weworkremotely.com/remote-jobs/crae-group-ltd-customer-support-agent-remote,Customer Support
amazon seller central expert flat files,amazowl,dublin ireland,https://weworkremotely.com/remote-jobs/amazowl-amazon-seller-central-expert-flat-files-1,Other
estagiário em crm marketing,nação digital,maringá puerto rico brazil,https://weworkremotely.com/remote-jobs/nacao-digital-estagiario-em-crm-marketing,Sales / Marketing
crm  ecommerce designer braze + shopify - contractor,paired,london england united kingdom,https://weworkremotely.com/remote-jobs/paired-crm-ecommerce-designer-braze-shopify-contractor,Sales / Marketing
senior director talent acquisition operations  programs,hubspot,remote - ireland,https://weworkremotely.com/remote-jobs/hubspot-senior-director-talent-acquisition-operations-programs,Front-End
crm manager,goodjuju marketing,lehi ut usa,https://weworkremotely.com/remote-jobs/goodjuju-marketing-crm-manager,Sales / Marketing
customer onboarding specialist for company incorporations full time,flag theory,remote,https://weworkremotely.com/remote-jobs/flag-theory-customer-onboarding-specialist-for-company-incorporations-full-time-2,Other
simplero support specialist full-time remote,simplero,los angeles ca,https://weworkremotely.com/remote-jobs/simplero-simplero-support-specialist-full-time-remote,Customer Support
senior manager / lead  sanctions  financial crime risk management fcrm - 0122 ss 4,navitaspartners,fully remote job,https://weworkremotely.com/remote-jobs/navitaspartners-senior-manager-lead-sanctions-financial-crime-risk-management-fcrm-0122,Sales / Marketing
crm servicenow technology consultant,servicenow,avenida faria lima 4055 3rd floor são paulo brazil,https://weworkremotely.com/remote-jobs/servicenow-crm-servicenow-technology-consultant,Sales / Marketing
business development representative - italy,hubspot,remote - ireland,https://weworkremotely.com/remote-jobs/hubspot-business-development-representative-italy,Sales / Marketing
microsoft dynamics crm developer,hastree technologies,noida,https://weworkremotely.com/remote-jobs/hastree-technologies-microsoft-dynamics-crm-developer,Sales / Marketing
community  support specialist - est time zone remote consultant,ifttt,san francisco ca,https://weworkremotely.com/remote-jobs/ifttt-community-support-specialist-est-time-zone-remote-consultant,Customer Support
senior customer success manager tola spanish speaking,abnormal,california us,https://weworkremotely.com/remote-jobs/abnormal-senior-customer-success-manager-tola-spanish-speaking,Management / Finance
digital agency account manager,icarus digital marketing,eu remote,https://weworkremotely.com/remote-jobs/icarus-digital-marketing-digital-agency-account-manager,Management / Finance
crm solutions architect usa,huble,chicago illinois united states,https://weworkremotely.com/remote-jobs/huble-crm-solutions-architect-usa,Sales / Marketing
principal engineer crm  martech,stitch fix,remote usa,https://weworkremotely.com/remote-jobs/stitch-fix-principal-engineer-crm-martech,Sales / Marketing
dynamics 365 crm developer,isolutions,barcelona es,https://weworkremotely.com/remote-jobs/isolutions-dynamics-365-crm-developer,Sales / Marketing
clinical specialist crm - houston tx,abbott,united states of america  remote,https://weworkremotely.com/remote-jobs/abbott-clinical-specialist-crm-houston-tx,Sales / Marketing
product management director crm  strategic platform integrations,genesys,virtual office indiana,https://weworkremotely.com/remote-jobs/genesys-product-management-director-crm-strategic-platform-integrations,Sales / Marketing
crm localization specialist german language,medier,remote,https://weworkremotely.com/remote-jobs/medier-crm-localization-specialist-german-language,Sales / Marketing
student private jet broker,echojet limited,cornwall uk,https://weworkremotely.com/remote-jobs/echojet-limited-student-private-jet-broker,Other
remote inside sales,your resource group llc,usa,https://weworkremotely.com/remote-jobs/your-resource-group-llc-remote-inside-sales,Sales / Marketing
director of revenue,yoko co,mclean va,https://weworkremotely.com/remote-jobs/yoko-co-director-of-revenue-1,Management / Finance
video editor full time remote,forward push law firm marketing,united states,https://weworkremotely.com/remote-jobs/forward-push-law-firm-marketing-video-editor-full-time-remote,Other
account executive,arc.dev,remote,https://weworkremotely.com/remote-jobs/arc-dev-account-executive,Sales / Marketing
remote sales representative,credit joy,delaware,https://weworkremotely.com/remote-jobs/credit-joy-remote-sales-representative,Sales / Marketing
inside sales contractor,report owl llc,usa,https://weworkremotely.com/remote-jobs/report-owl-llc-inside-sales-contractor,Sales / Marketing
marketing strategy advisor,newtonx,new york ny,https://weworkremotely.com/remote-jobs/newtonx-marketing-strategy-advisor,Sales / Marketing
remote inside sales,report owl llc,usa,https://weworkremotely.com/remote-jobs/report-owl-llc-remote-inside-sales-3,Sales / Marketing
creative strategist  content lead remote,forward push law firm marketing,united states,https://weworkremotely.com/remote-jobs/forward-push-law-firm-marketing-creative-strategist-content-lead-remote-1,Other
client success manager remote,forward push law firm marketing,united states,https://weworkremotely.com/remote-jobs/forward-push-law-firm-marketing-client-success-manager-remote-1,Customer Support
digital marketing coach,6 figure creative,united states,https://weworkremotely.com/remote-jobs/6-figure-creative-digital-marketing-coach-6,Sales / Marketing
sales operations,solé bicycles,venice beach california,https://weworkremotely.com/remote-jobs/sole-bicycles-sales-operations,Sales / Marketing
senior growth marketer product-led full-funnel,positive intelligence,california,https://weworkremotely.com/remote-jobs/positive-intelligence-senior-growth-marketer-product-led-full-funnel,Sales / Marketing
senior retention strategist,lilo social,united states,https://weworkremotely.com/remote-jobs/lilo-social-senior-retention-strategist,Other
field sales mitarbeiter m/w/d,fiserv,frankfurt germany,https://weworkremotely.com/remote-jobs/fiserv-field-sales-mitarbeiter-m-w-d,Sales / Marketing
spécialiste de contenu pour les réseaux sociaux anglais + français / social media content specialist english + french - remote,dentsu,quebec  remote,https://weworkremotely.com/remote-jobs/dentsu-specialiste-de-contenu-pour-les-reseaux-sociaux-anglais-francais-social-media-content,Front-End
senior director product marketing - clinical  efficiency,siemens healthineers,mlv lb,https://weworkremotely.com/remote-jobs/siemens-healthineers-senior-director-product-marketing-clinical-efficiency,Sales / Marketing
us vyndamax regional marketing director - west,pfizer,united states - remote,https://weworkremotely.com/remote-jobs/pfizer-us-vyndamax-regional-marketing-director-west,Sales / Marketing
business developement executive,aiapply,us,https://weworkremotely.com/remote-jobs/aiapply-business-developement-executive,Other
account executive/sales full-cycle,dofollow.com,delaware,https://weworkremotely.com/remote-jobs/dofollow-com-account-executive-sales-full-cycle,Sales / Marketing
sales manager,community phone,san francisco,https://weworkremotely.com/remote-jobs/community-phone-sales-manager,Sales / Marketing
sales assistant / business development respresentative,borderless,louisville,https://weworkremotely.com/remote-jobs/borderless-sales-assistant-business-development-respresentative,Sales / Marketing
google ppc specialist freelance / part-time / overseas,volcano builders,seattle wa,https://weworkremotely.com/remote-jobs/volcano-builders-google-ppc-specialist-freelance-part-time-overseas,Sales / Marketing
business development manager,bbe marketing inc,hurst tx,https://weworkremotely.com/remote-jobs/bbe-marketing-inc-business-development-manager,Sales / Marketing
senior software engineer,walter,remote,https://weworkremotely.com/remote-jobs/walter-senior-software-engineer,Other
low-ego  high-impact junior developer for ai company,drt fm - humble echo llc,latvia riga kuldigas 23a-3,https://weworkremotely.com/remote-jobs/drt-fm-humble-echo-llc-low-ego-high-impact-junior-developer-for-ai-company,Other
senior ruby on rails developer,onthegosystems,remote,https://weworkremotely.com/remote-jobs/onthegosystems-senior-ruby-on-rails-developer,Back-End
software engineer,sticker mule,new york ny,https://weworkremotely.com/remote-jobs/sticker-mule-software-engineer-2,Other
full stack engineer - ruby on rails and react,planning center,carlsbad ca,https://weworkremotely.com/remote-jobs/planning-center-full-stack-engineer-ruby-on-rails-and-react,Back-End
senior fullstack developer,zencastr,zencastr,https://weworkremotely.com/remote-jobs/zencastr-senior-fullstack-developer,Full-Stack
software engineer,cortes 23,philadelphia usa,https://weworkremotely.com/remote-jobs/cortes-23-software-engineer-3,Other
senior shopify developer remote + flexible,storetasker,brooklyn ny,https://weworkremotely.com/remote-jobs/storetasker-senior-shopify-developer-remote-flexible-3,Other
ai software engineer,slidespeak,london uk,https://weworkremotely.com/remote-jobs/slidespeak-ai-software-engineer,Other
senior software engineer growth,clerk,san francisco ca,https://weworkremotely.com/remote-jobs/clerk-senior-software-engineer-growth,Sales / Marketing
full stack developer,qinetiq us,washington district of columbia united states,https://weworkremotely.com/remote-jobs/qinetiq-us-full-stack-developer,Full-Stack
senior web application developer,details,fully remote,https://weworkremotely.com/remote-jobs/details-senior-web-application-developer,Other
product marketing lead,wevote,remote,https://weworkremotely.com/remote-jobs/wevote-product-marketing-lead,Sales / Marketing
optimization specialist,oneil interactive,hunt valley maryland 21031 united states,https://weworkremotely.com/remote-jobs/oneil-interactive-optimization-specialist,Other
experienced full-stack software engineer .net/react 80100 f/m/x fully remote,comparis.ch,zuerich,https://weworkremotely.com/remote-jobs/comparis-ch-experienced-full-stack-software-engineer-net-react-80-100-f-m-x-fully-remote,Front-End
senior software engineer,fonio,vienna austria,https://weworkremotely.com/remote-jobs/fonio-senior-software-engineer,Other
senior software engineer,stellar ai,london,https://weworkremotely.com/remote-jobs/stellar-ai-senior-software-engineer,Other
applied ai engineer,superplane inc.,usa,https://weworkremotely.com/remote-jobs/superplane-inc-applied-ai-engineer,Other
passionate full-stack engineer seo-focused company,serpnames,usa,https://weworkremotely.com/remote-jobs/serpnames-passionate-full-stack-engineer-seo-focused-company,Full-Stack
full-stack engineer,dynamicare health,boston ma usa,https://weworkremotely.com/remote-jobs/dynamicare-health-full-stack-engineer,Full-Stack
senior fullstack developer python,proxify ab,sweden,https://weworkremotely.com/remote-jobs/proxify-ab-senior-fullstack-developer-python-1,Back-End
senior fullstack developer vue.js  python,proxify ab,sweden,https://weworkremotely.com/remote-jobs/proxify-ab-senior-fullstack-developer-vue-js-python,Back-End
senior php full-stack developer,lemon.io,new york ny,https://weworkremotely.com/remote-jobs/lemon-io-senior-php-full-stack-developer,Back-End
senior full-stack developer,lemon.io,new york ny,https://weworkremotely.com/remote-jobs/lemon-io-senior-full-stack-developer-7,Full-Stack
senior software engineer .net node.js react,opsflow,poland,https://weworkremotely.com/remote-jobs/opsflow-senior-software-engineer-net-node-js-react,Back-End
product designer hardware / 3d cad,kys norway,norway,https://weworkremotely.com/remote-jobs/kys-norway-product-designer-hardware-3d-cad,Design
virtual design  construction vdc designer  miamisburg oh on-site,danis construction,miamisburg ohio united states,https://weworkremotely.com/remote-jobs/danis-construction-virtual-design-construction-vdc-designer-miamisburg-oh-on-site,Design
semiconductor design manager,aecom,san jose ca united states,https://weworkremotely.com/remote-jobs/aecom-semiconductor-design-manager,Management / Finance
senior growth product manager,kit,remote,https://weworkremotely.com/remote-jobs/kit-senior-growth-product-manager,Sales / Marketing
virtual design and construction planner,miller electric company,us-fl-jacksonville,https://weworkremotely.com/remote-jobs/miller-electric-company-virtual-design-and-construction-planner,Other
product manager,unlayer,worldwide,https://weworkremotely.com/remote-jobs/unlayer-product-manager-1,Management / Finance
graphic designer/social media manager,bbe marketing inc,hurst tx,https://weworkremotely.com/remote-jobs/bbe-marketing-inc-graphic-designer-social-media-manager-1,Sales / Marketing
customer success manager digital vsmb/smb,float,remote,https://weworkremotely.com/remote-jobs/float-customer-success-manager-digital-vsmb-smb,Management / Finance
senior product manager plan,gitlab,san francisco us,https://weworkremotely.com/remote-jobs/gitlab-senior-product-manager-plan,Management / Finance
vice president acquisitions  business development  caribbean and latin america cala,davidson hospitality group,atlanta georgia united states,https://weworkremotely.com/remote-jobs/davidson-hospitality-group-vice-president-acquisitions-business-development-caribbean-and-latin-america-cala,Front-End
design engineer,elevenlabs,united kingdom,https://weworkremotely.com/remote-jobs/elevenlabs-design-engineer,Other
automation design engineer,globetek,remote,https://weworkremotely.com/remote-jobs/globetek-automation-design-engineer,Other
ux researcher contract,anatta design,remote,https://weworkremotely.com/remote-jobs/anatta-design-ux-researcher-contract,Front-End
amazon graphic designer,adaptive teams,quezon city apac 1100 philippines,https://weworkremotely.com/remote-jobs/adaptive-teams-amazon-graphic-designer,Design
freelance art director - brand design b2b saas client,camping tv,ramon turro 100 barcelona barcelona 08005 spain,https://weworkremotely.com/remote-jobs/camping-tv-freelance-art-director-brand-design-b2b-saas-client,Design
ux/ui designer,obrio,ukraine,https://weworkremotely.com/remote-jobs/obrio-ux-ui-designer,Front-End
home design lead,higharc,remote united states,https://weworkremotely.com/remote-jobs/higharc-home-design-lead,Other
civil design engineer ii,revamp engineering,united states,https://weworkremotely.com/remote-jobs/revamp-engineering-civil-design-engineer-ii,Other
ui/ux designer,spiralyze,atlanta georgia,https://weworkremotely.com/remote-jobs/spiralyze-ui-ux-designer-2,Front-End
senior mechanical designer 1 - nuclear power,sargent  lundy,remote united states,https://weworkremotely.com/remote-jobs/sargent-lundy-senior-mechanical-designer-1-nuclear-power,Design
disruption designer,steampunk,mclean virginia united states,https://weworkremotely.com/remote-jobs/steampunk-disruption-designer,Design
senior product manager,lillio,toronto,https://weworkremotely.com/remote-jobs/lillio-senior-product-manager,Management / Finance
civil design manager - site design,olsson,dallas tx fort worth tx texas - remote,https://weworkremotely.com/remote-jobs/olsson-civil-design-manager-site-design,Management / Finance
creative content design,superside,global,https://weworkremotely.com/remote-jobs/superside-creative-content-design,Other
lead product designer,rare days,vancouver,https://weworkremotely.com/remote-jobs/rare-days-lead-product-designer,Design
project manager,spiralyze,atlanta georgia,https://weworkremotely.com/remote-jobs/spiralyze-project-manager,Management / Finance
development manager,wpforms,west palm beach florida united states,https://weworkremotely.com/remote-jobs/wpforms-development-manager,Management / Finance
accountant,xenali,edmonton,https://weworkremotely.com/remote-jobs/xenali-accountant,Management / Finance
procurement  purchasing specialist,xenali,edmonton,https://weworkremotely.com/remote-jobs/xenali-procurement-purchasing-specialist,Other
virtual banker - evenings,onemci,garden city georgia united states,https://weworkremotely.com/remote-jobs/onemci-virtual-banker-evenings,Other
dealer relationship manager - co/nm,axos bank,remote - co,https://weworkremotely.com/remote-jobs/axos-bank-dealer-relationship-manager-co-nm,Management / Finance
life insurance sales agent,peterson agency,remote,https://weworkremotely.com/remote-jobs/peterson-agency-life-insurance-sales-agent-2,Sales / Marketing
transformation executive senior director financial services sector remote,ntt data,remote,https://weworkremotely.com/remote-jobs/ntt-data-transformation-executive-senior-director-financial-services-sector-remote,Management / Finance
finance manager,compass group,remote with minimal travel 10-15,https://weworkremotely.com/remote-jobs/compass-group-finance-manager,Management / Finance
finance  accounting manager,rippleworks,united states,https://weworkremotely.com/remote-jobs/rippleworks-finance-accounting-manager,Management / Finance
senior advisor supervision- supervisory solutions,raymond james,remote colorado - united states,https://weworkremotely.com/remote-jobs/raymond-james-senior-advisor-supervision-supervisory-solutions,Other
virtual insurance customer service representative- no cold calls / work from home,meron financial agency,phoenix az,https://weworkremotely.com/remote-jobs/meron-financial-agency-virtual-insurance-customer-service-representative-no-cold-calls-work-from-home,Customer Support
future opportunities,monarch money,remote,https://weworkremotely.com/remote-jobs/monarch-money-future-opportunities,Other
sap finance fi/co migration architect m/w/d,natuvion,leipziger str. 124 berlin be 10117 berlin germany,https://weworkremotely.com/remote-jobs/natuvion-sap-finance-fi-co-migration-architect-m-w-d,Management / Finance
vice president of finance remote us,maximus health,united states remote,https://weworkremotely.com/remote-jobs/maximus-health-vice-president-of-finance-remote-us,Management / Finance
remote stock  options trader funded capital program,maverick trading,salt lake city ut usa,https://weworkremotely.com/remote-jobs/maverick-trading-remote-stock-options-trader-funded-capital-program,Back-End
vp regional wealth management consultant,american century investments,virginia remote,https://weworkremotely.com/remote-jobs/american-century-investments-vp-regional-wealth-management-consultant,Management / Finance
manager finance  strategy - product finance,doordash usa,san francisco ca los angeles ca new york ny united states - remote,https://weworkremotely.com/remote-jobs/doordash-usa-manager-finance-strategy-product-finance,Management / Finance
healthcare managed care and financial strategy  managing consultant,guidehouse,us - remote any location,https://weworkremotely.com/remote-jobs/guidehouse-healthcare-managed-care-and-financial-strategy-managing-consultant,Management / Finance
bilingual financial customer service representative - april 2026,empower retirement,az phoenix - remote,https://weworkremotely.com/remote-jobs/empower-retirement-bilingual-financial-customer-service-representative-april-2026,Customer Support
senior consultant  financial planning and analysis,pyrovio,akron oh / ann arbor mi,https://weworkremotely.com/remote-jobs/pyrovio-senior-consultant-financial-planning-and-analysis,Other
marketing automation saas + services line of business owner,new law business model,boulder co,https://weworkremotely.com/remote-jobs/new-law-business-model-marketing-automation-saas-services-line-of-business-owner,Sales / Marketing
head of global account management,scaleops,united states,https://weworkremotely.com/remote-jobs/scaleops-head-of-global-account-management,Other
director credit risk analytics,prosper,united states,https://weworkremotely.com/remote-jobs/prosper-director-credit-risk-analytics,Management / Finance
senior sales executive asset management technology solutions,ssc,remote - massachusetts us,https://weworkremotely.com/remote-jobs/ss-c-senior-sales-executive-asset-management-technology-solutions,Sales / Marketing
product developer / engineer  fun ecom co  great people  flexible hours,jls trading co.,charlotte nc,https://weworkremotely.com/remote-jobs/jls-trading-co-product-developer-engineer-fun-ecom-co-great-people,Product
head of community,the tech tribe,sydney australia,https://weworkremotely.com/remote-jobs/the-tech-tribe-head-of-community,Other
senior wordpress developer,wpforms,west palm beach florida united states,https://weworkremotely.com/remote-jobs/wpforms-senior-wordpress-developer-1,Other
senior account executive saas remote,planet green search,charlotte nc  sales,https://weworkremotely.com/remote-jobs/planet-green-search-senior-account-executive-saas-remote-1,Sales / Marketing
tier 1 support engineer,avoxi,remote,https://weworkremotely.com/remote-jobs/avoxi-tier-1-support-engineer,Customer Support
account executive  lima saas enterprise,minderest,remote,https://weworkremotely.com/remote-jobs/minderest-account-executive-lima-saas-enterprise,Sales / Marketing
enterprise account executive,applied systems,canada,https://weworkremotely.com/remote-jobs/applied-systems-enterprise-account-executive,Sales / Marketing
senior devsecops engineer,element 84,alexandria hq remote,https://weworkremotely.com/remote-jobs/element-84-senior-devsecops-engineer,Other
product engineer 100 remote,tether,el salvador,https://weworkremotely.com/remote-jobs/tether-product-engineer-100-remote,Product
sr. oracle scm functional specialist global saas  apps delivery,oracle,wa united states,https://weworkremotely.com/remote-jobs/oracle-sr-oracle-scm-functional-specialist-global-saas-apps-delivery,Other
werkstudent für verkehrsdatenanalyse m/w/d,ptv group,münchen bavaria 80335 germany,https://weworkremotely.com/remote-jobs/ptv-group-werkstudent-fur-verkehrsdatenanalyse-m-w-d,Other
director of sales  platform revenue saas  erp + labor management + payments,silo,remote united states,https://weworkremotely.com/remote-jobs/silo-director-of-sales-platform-revenue-saas-erp-labor-management-payments,Sales / Marketing
enterprise account executive remote,visit.org,san francisco california united states,https://weworkremotely.com/remote-jobs/visit-org-enterprise-account-executive-remote,Sales / Marketing
client support supervisor,soma global,this is a remote role,https://weworkremotely.com/remote-jobs/soma-global-client-support-supervisor,Customer Support
product lead contract,jumpspeak,miami,https://weworkremotely.com/remote-jobs/jumpspeak-product-lead-contract,Product
qa analyst,wealthbox crm,remote,https://weworkremotely.com/remote-jobs/wealthbox-crm-qa-analyst,Management / Finance
senior account executive  aviation  compliance saas remote,urrly,dallas tx,https://weworkremotely.com/remote-jobs/urrly-senior-account-executive-aviation-compliance-saas-remote,Sales / Marketing
sales manager - senior,softswiss,127 triq ix - xatt il-gżira malta,https://weworkremotely.com/remote-jobs/softswiss-sales-manager-senior,Sales / Marketing
senior account executive saas remote,planet green search,charlotte nc  sales,https://weworkremotely.com/remote-jobs/planet-green-search-senior-account-executive-saas-remote,Sales / Marketing
business development representative saas,team satchel,tx texas united states,https://weworkremotely.com/remote-jobs/team-satchel-business-development-representative-saas,Sales / Marketing
managing director - fpa saas - private equity advisory,crosscountry consulting,united states,https://weworkremotely.com/remote-jobs/crosscountry-consulting-managing-director-fp-a-saas-private-equity-advisory,Front-End
technical project lead,airdev,san francisco,https://weworkremotely.com/remote-jobs/airdev-technical-project-lead,Other
senior independent product manager/product designer 90-170/hr,a.team,nyc sf and tlv,https://weworkremotely.com/remote-jobs/a-team-senior-independent-product-manager-product-designer-90-170-hr,Design
