job_title,company,location,job_url
Online English Teacher,Native Camp,Japan,https://weworkremotely.com/remote-jobs/native-camp-online-english-teacher-30
Managing Editor,The Swiftest,San Francisco,https://weworkremotely.com/remote-jobs/the-swiftest-managing-editor
Full-Stack Engineer (Python/React/GenAI),Toptal,Remote,https://weworkremotely.com/remote-jobs/toptal-full-stack-engineer-python-react-genai
Freelance Writer,ProWriterSites,New York,https://weworkremotely.com/remote-jobs/prowritersites-freelance-writer
Embedded firmware developer,Toptal,Remote,https://weworkremotely.com/remote-jobs/toptal-embedded-firmware-developer
Network Engineer for AI automotive product,Toptal,Remote,https://weworkremotely.com/remote-jobs/toptal-network-engineer-for-ai-automotive-product
Financial Model and Prompt Creator with Spreadsheet Expertise,Toptal,Remote,https://weworkremotely.com/remote-jobs/toptal-financial-model-and-prompt-creator-with-spreadsheet-expertise
AI Development Advisor,NewtonX,"New York, NY",https://weworkremotely.com/remote-jobs/newtonx-ai-development-advisor
Junior Crypto Analyst & Trader,White Bridge LTD,White Bridge LTD,https://weworkremotely.com/remote-jobs/white-bridge-ltd-junior-crypto-analyst-trader
Remote Data Entry Clerk,NoGigiddy,"Atlanta, Georgia",https://weworkremotely.com/remote-jobs/nogigiddy-remote-data-entry-clerk-7
AI Trainer (Multiple Roles) | $50-$200/hr,Helix Recruit,Singapore,https://weworkremotely.com/remote-jobs/helix-recruit-ai-trainer-multiple-roles-50-200-hr-2
FT/PT Remote AI Prompt Engineering & Evaluation - Will Train,DataAnnotation.tech,"New York, NY",https://weworkremotely.com/remote-jobs/dataannotation-tech-ft-pt-remote-ai-prompt-engineering-evaluation-will-train
Strategic IT Advisor,NewtonX,"New York, NY",https://weworkremotely.com/remote-jobs/newtonx-strategic-it-advisor-2
Senior Machine Learning Engineer,Zencastr,Zencastr,https://weworkremotely.com/remote-jobs/zencastr-senior-machine-learning-engineer
Virtual Financial Advisor - Minneapolis,Thrivent,Mpls-Corporate Center,https://weworkremotely.com/remote-jobs/thrivent-virtual-financial-advisor-minneapolis
Field Service Technician,Fresenius Medical Care,"Atlanta, GA, USA",https://weworkremotely.com/remote-jobs/fresenius-medical-care-field-service-technician
Bilingual Treatment Design Team Manager,Solventum,"CR, Heredia, VIRTUAL",https://weworkremotely.com/remote-jobs/solventum-bilingual-treatment-design-team-manager
Customer Service Consultant Dallas (Remote),CarMax,7977 - Dallas CEC,https://weworkremotely.com/remote-jobs/carmax-customer-service-consultant-dallas-remote
Remote Sensing Engineer,Introduction Serco,Italy,https://weworkremotely.com/remote-jobs/introduction-serco-remote-sensing-engineer
Junior Tax Specialist,MailerLite,USA,https://weworkremotely.com/remote-jobs/mailerlite-junior-tax-specialist
Cloud Security Engineer,XM,Cyprus or Remote,https://weworkremotely.com/remote-jobs/xm-cloud-security-engineer
Global Support Services Engineer,TRT Solutions Limited,TRT Solutions Limited,https://weworkremotely.com/remote-jobs/trt-solutions-limited-global-support-services-engineer
B2B Online Company Stores Manager,OnePoint,"Marietta, GA",https://weworkremotely.com/remote-jobs/onepoint-b2b-online-company-stores-manager
Video Editor (Reels/TikTok),ESE Agency,"Zurich, Switzerland",https://weworkremotely.com/remote-jobs/ese-agency-video-editor-reels-tiktok
Virtual Assistant (Bilingual with Vietnamese and English Required),"The Lawgical Firm, P.A.","Orlando, FL",https://weworkremotely.com/remote-jobs/the-lawgical-firm-p-a-virtual-assistant-bilingual-with-vietnamese-and-english-required
Senior PHP Developer,OnTheGoSystems,Remote,https://weworkremotely.com/remote-jobs/onthegosystems-senior-php-developer-3
Senior Backend Engineer - Full Remote,Zencastr,Zencastr,https://weworkremotely.com/remote-jobs/zencastr-senior-backend-engineer-full-remote
"PHP Developer (Spanish, French or German speakers)",OnTheGoSystems,Remote,https://weworkremotely.com/remote-jobs/onthegosystems-php-developer-spanish-french-or-german-speakers
Web Developer,DreamRider Productions Careers,"remote Vancouver, BC, Canada . contract . December 7, 2023",https://weworkremotely.com/remote-jobs/dreamrider-productions-careers-web-developer
Senior Web Developer (Remote),Walker Smith,"Dunedin, New Zealand",https://weworkremotely.com/remote-jobs/walker-smith-senior-web-developer-remote
Enterprise Account Executive - West,Webflow,CA Remote (BC & ON only); U.S. Remote,https://weworkremotely.com/remote-jobs/webflow-enterprise-account-executive-west
"Manager, Web Development",ServiceTitan,US IN Remote,https://weworkremotely.com/remote-jobs/servicetitan-manager-web-development
Full Stack Developer (Javascript),Codekeeper,Remote,https://weworkremotely.com/remote-jobs/codekeeper-full-stack-developer-javascript
Web Developer (Contract),Madeo,"Brooklyn, NY",https://weworkremotely.com/remote-jobs/madeo-web-developer-contract
Freelance Agent Evaluation Engineer,Mindrift,India,https://weworkremotely.com/remote-jobs/mindrift-freelance-agent-evaluation-engineer
Freelance Senior Python Developer / Functional Test Frameworks,Mindrift,India,https://weworkremotely.com/remote-jobs/mindrift-freelance-senior-python-developer-functional-test-frameworks
Core Software Engineer (C++) - Remote,ClickHouse,"San Francisco, US",https://weworkremotely.com/remote-jobs/clickhouse-core-software-engineer-c-remote
Senior Software Engineer - Backend/Python - USA Only (100% Remote),Close,USA,https://weworkremotely.com/remote-jobs/close-senior-software-engineer-backend-python-usa-only-100-remote-1
Senior Backend Engineer,Proton.ai,"Cambridge, MA",https://weworkremotely.com/remote-jobs/proton-ai-senior-backend-engineer
Senior Python & LLM /AI Engineer,Lemon.io,"New York, NY",https://weworkremotely.com/remote-jobs/lemon-io-senior-python-llm-ai-engineer
Senior Backend Developer (Node.js / Nest.js),Proxify AB,Sweden,https://weworkremotely.com/remote-jobs/proxify-ab-senior-backend-developer-node-js-nest-js-1
Senior Backend Developer (Python),Proxify AB,Sweden,https://weworkremotely.com/remote-jobs/proxify-ab-senior-backend-developer-python-6
Contract Software Engineer (AI x Biology),Great Good,Remote,https://weworkremotely.com/remote-jobs/great-good-contract-software-engineer-ai-x-biology
Manager ‚Äì WordPress Delivery,vSplash Techlabs,Remote,https://weworkremotely.com/remote-jobs/vsplash-techlabs-manager-wordpress-delivery
Data Analyst,AHU Technologies,"Washington, DC 20009",https://weworkremotely.com/remote-jobs/ahu-technologies-data-analyst-1
Systems Engineer - Senior -- Web Development | IT Effectiveness - Software Engineering & Web Applications [NPS035040],ProSidian Consulting,"12201 Sunrise Valley Dr, Reston, VA 20192, USA",https://weworkremotely.com/remote-jobs/prosidian-consulting-systems-engineer-senior-web-development-it-effectiveness-software-engineering
Web Development Intern,Divergent NG,[REMOTE],https://weworkremotely.com/remote-jobs/divergent-ng-web-development-intern
Clinical Trial Web Application Developer,Everest Clinical Research,"Bucharest, 030144, Romania",https://weworkremotely.com/remote-jobs/everest-clinical-research-clinical-trial-web-application-developer
Senior Data Engineer,Sanctuary Computer,New York City,https://weworkremotely.com/remote-jobs/sanctuary-computer-senior-data-engineer
Senior Software Engineer,Semaphore Technologies,Novi Sad,https://weworkremotely.com/remote-jobs/semaphore-technologies-senior-software-engineer
Regional Sales Executive (Account Manager),Dealer eProcess,Remote,https://weworkremotely.com/remote-jobs/dealer-eprocess-regional-sales-executive-account-manager-1
FPGA Development Engineer,NuTechs,"Novi, MI 48304",https://weworkremotely.com/remote-jobs/nutechs-fpga-development-engineer
Commerce Tools + Node JS + Cloud,ALIQAN Technologies,Noida,https://weworkremotely.com/remote-jobs/aliqan-technologies-commerce-tools-node-js-cloud
Senior Back-End Web Developer,Eran Group,India,https://weworkremotely.com/remote-jobs/eran-group-senior-back-end-web-developer
Ai/Ml Engineer ‚Äì LLM Systems (M/W/D),Anexia Internetdienstleistungs,"Klagenfurt, 9020 Austria",https://weworkremotely.com/remote-jobs/anexia-internetdienstleistungs-ai-ml-engineer-llm-systems-m-w-d
Data Engineer (M/W/D),Anexia Internetdienstleistungs,"Klagenfurt, 9020 Austria",https://weworkremotely.com/remote-jobs/anexia-internetdienstleistungs-data-engineer-m-w-d
JetBrains Web Developer Advocate (Developer Advocacy),JetBrains,"Amsterdam, Netherlands; Belgrade, Serbia; Berlin, Germany; Limassol, Cyprus; Madrid, Spain; Munich, Germany; Paphos, Cyprus; Prague, Czech Republic; Remote, Germany; Warsaw, Poland; Yerevan, Armenia",https://weworkremotely.com/remote-jobs/jetbrains-jetbrains-web-developer-advocate-developer-advocacy
Web Designer,Hex Technologies,"SF, NY or Remote (USA)",https://weworkremotely.com/remote-jobs/hex-technologies-web-designer
Head of Web Dev,Activate Talent,South Africa,https://weworkremotely.com/remote-jobs/activate-talent-head-of-web-dev
Marketing Web Developer,Jobgether,Japan,https://weworkremotely.com/remote-jobs/jobgether-marketing-web-developer
"Sr. Engineer, Frontend (UX Eng)",Zappier,"San Francisco, US",https://weworkremotely.com/remote-jobs/zappier-sr-engineer-frontend-ux-eng
Senior Next.js Developer,Proxify AB,Sweden,https://weworkremotely.com/remote-jobs/proxify-ab-senior-next-js-developer-4
Frontend Engineer,Mobena,"New York, NY",https://weworkremotely.com/remote-jobs/mobena-frontend-engineer
FTG Engineer,ALIQAN Technologies,Noida,https://weworkremotely.com/remote-jobs/aliqan-technologies-ftg-engineer
Java / Web Developer with German,EUROPEAN DYNAMICS,"Athens, Attica, Greece",https://weworkremotely.com/remote-jobs/european-dynamics-java-web-developer-with-german
Web Designer,Truv,Remote,https://weworkremotely.com/remote-jobs/truv-web-designer
Web graphic designer,Productive Shop,"Sao Paulo, Brazil",https://weworkremotely.com/remote-jobs/productive-shop-web-graphic-designer
Curam Business Analyst,AHU Technologies,"Washington, DC 20009",https://weworkremotely.com/remote-jobs/ahu-technologies-curam-business-analyst
Lead Frontend Engineer,SuperPlane Inc.,USA,https://weworkremotely.com/remote-jobs/superplane-inc-lead-frontend-engineer
"Software Engineer, macOS Core Product",Speechify Inc,Florida,https://weworkremotely.com/remote-jobs/speechify-inc-software-engineer-macos-core-product
"Sales Representative ‚Äì Fire Protection Inspections - Columbus, GA",AHU Technologies,"Washington, DC 20009",https://weworkremotely.com/remote-jobs/ahu-technologies-sales-representative-fire-protection-inspections-columbus-ga
Senior Trainer,AHU Technologies,"Washington, DC 20009",https://weworkremotely.com/remote-jobs/ahu-technologies-senior-trainer
Web Developer (Remote- Canada and/or United States ),Sangoma,"Toronto, Ontario, Canada",https://weworkremotely.com/remote-jobs/sangoma-web-developer-remote-canada-and-or-united-states
Website Developer,Perry Homes,"Houston, Texas, United States",https://weworkremotely.com/remote-jobs/perry-homes-website-developer
"Software Engineer, iOS Core Product",Speechify Inc,Florida,https://weworkremotely.com/remote-jobs/speechify-inc-software-engineer-ios-core-product
Senior Cloud (DevOps) Engineer - Guatemala,nClouds,Remote,https://weworkremotely.com/remote-jobs/nclouds-senior-cloud-devops-engineer-guatemala
Senior DataOps Engineer,dLocal,Barcelona / Madrid,https://weworkremotely.com/remote-jobs/dlocal-senior-dataops-engineer
DevOps Engineer (w/m/d),Transfermarkt,"DE - Hamburg, Remote",https://weworkremotely.com/remote-jobs/transfermarkt-devops-engineer-w-m-d
"Principal DevOps Engineer - Seattle, WA or Arlington, VA (50% remote)",Oracle,"WA, United States",https://weworkremotely.com/remote-jobs/oracle-principal-devops-engineer-seattle-wa-or-arlington-va-50-remote
Remote Full time SRE DevOps Engagement Lead & Cloud Platform Architect,CapB InfoteK,"Remote, USA",https://weworkremotely.com/remote-jobs/capb-infotek-remote-full-time-sre-devops-engagement-lead-cloud-platform-architect
Senior DevOps (Full remote),Blackfluo.ai,"Valletta, South Eastern Region, Malta",https://weworkremotely.com/remote-jobs/blackfluo-ai-senior-devops-full-remote
DevOps Engineer (Poland Remote),Turnitin,"Pozna≈Ñ, Poland",https://weworkremotely.com/remote-jobs/turnitin-devops-engineer-poland-remote
DevOps Engineer,Inco,Remote,https://weworkremotely.com/remote-jobs/inco-devops-engineer
DevOps Engineer,Graham Healthcare Group,"Remote/Nationwide, USA",https://weworkremotely.com/remote-jobs/graham-healthcare-group-devops-engineer
Senior Cloud Infrastructure Engineer,Digioh,"San Francisco, USA",https://weworkremotely.com/remote-jobs/digioh-senior-cloud-infrastructure-engineer
Senior DevOps Engineer,Marketerx,"Nashville, TN",https://weworkremotely.com/remote-jobs/marketerx-senior-devops-engineer
QA automation/Devops engineer for MKE4K,Mirantis,"Barcelona, Spain",https://weworkremotely.com/remote-jobs/mirantis-qa-automation-devops-engineer-for-mke4k
Senior DevOps Engineer for Open Sovereign Cloud,Deutsche Telekom IT Solutions Slovakia,"Moldavsk√° cesta, 040 11 Ko≈°ice, Slovakia",https://weworkremotely.com/remote-jobs/deutsche-telekom-it-solutions-slovakia-senior-devops-engineer-for-open-sovereign-cloud
Utleiemegleren Forvaltning AS,Intro.io,Remote,https://weworkremotely.com/remote-jobs/intro-io-utleiemegleren-forvaltning-as
Google Cloud Platform DevOps Engineer,LMG Staffing Solutions,"Bogot√°, Bogota, Colombia",https://weworkremotely.com/remote-jobs/lmg-staffing-solutions-google-cloud-platform-devops-engineer
Devops.Infrastructure_Saloni,Coders Brain Technology,Remote,https://weworkremotely.com/remote-jobs/coders-brain-technology-devops-infrastructure_saloni
Senior DevOps Engineer (AWS),Proxify AB,Sweden,https://weworkremotely.com/remote-jobs/proxify-ab-senior-devops-engineer-aws-6
Ing√©nieur(e) Devops/SRE - √éle-de-France,Sopra Steria,"1 Rue Serpentines, 92400 Courbevoie, France",https://weworkremotely.com/remote-jobs/sopra-steria-ingenieur-e-devops-sre-ile-de-france
Sr. DevOps Engineer / Cloud Architect,Agentic Dream,"Remote, Colombia",https://weworkremotely.com/remote-jobs/agentic-dream-sr-devops-engineer-cloud-architect
Infra/DevOps Engineer,Maze,Remote (Europe),https://weworkremotely.com/remote-jobs/maze-infra-devops-engineer
DevOps Team Lead,Cross Border Talents,Romania,https://weworkremotely.com/remote-jobs/cross-border-talents-devops-team-lead
DevOps Engineer,NoGood,Egypt,https://weworkremotely.com/remote-jobs/nogood-devops-engineer
Senior DevOps Engineer,Launch Legends,[REMOTE],https://weworkremotely.com/remote-jobs/launch-legends-senior-devops-engineer
DevOps Engineer,ZenoCloud,"New Delhi, 110034, India",https://weworkremotely.com/remote-jobs/zenocloud-devops-engineer
Freelancer (m/w/d) im Customer Service Inbound - weltweit - 100% Remote,hey contact heroes GmbH,Germany Hamburg,https://weworkremotely.com/remote-jobs/hey-contact-heroes-gmbh-freelancer-m-w-d-im-customer-service-inbound-weltweit-100-remote
$1k Weekly Work from Home Job Position,Best Estimate Pro,USA,https://weworkremotely.com/remote-jobs/best-estimate-pro-1k-weekly-work-from-home-job-position
"Live Technical Support Representative ‚Äî Full-Time (40 hrs/week, Sat‚ÄìSun required, Tues-Wed off) ‚Äî $40,000/year + Benefits ‚Äî Locations: CA, ID, OR, TX, WA",Porkbun,Oregon USA,https://weworkremotely.com/remote-jobs/porkbun-live-technical-support-representative-full-time-40-hrs-week-sat-sun-required-tues-wed-off-40-000-year
Remote Customer Support - $20/hr - United States,Remote Talent Cloud,"Cheyenne, WY",https://weworkremotely.com/remote-jobs/remote-talent-cloud-remote-customer-support-20-hr-united-states-2
Customer Support Agent (Remote),CRAE GROUP LTD,Cyprus,https://weworkremotely.com/remote-jobs/crae-group-ltd-customer-support-agent-remote
Amazon Seller Central Expert (Flat Files),Amazowl,"Dublin, Ireland",https://weworkremotely.com/remote-jobs/amazowl-amazon-seller-central-expert-flat-files-1
Estagi√°rio em CRM Marketing,Na√ß√£o Digital,"Maring√°, Puerto Rico, Brazil",https://weworkremotely.com/remote-jobs/nacao-digital-estagiario-em-crm-marketing
CRM & Ecommerce Designer (Braze + Shopify) - Contractor,Paired,"London, England, United Kingdom",https://weworkremotely.com/remote-jobs/paired-crm-ecommerce-designer-braze-shopify-contractor
"Senior Director, Talent Acquisition Operations & Programs",HubSpot,Remote - Ireland,https://weworkremotely.com/remote-jobs/hubspot-senior-director-talent-acquisition-operations-programs
CRM Manager,Goodjuju Marketing,"Lehi, UT USA",https://weworkremotely.com/remote-jobs/goodjuju-marketing-crm-manager
Customer Onboarding Specialist for Company Incorporations (Full Time),Flag Theory,Remote,https://weworkremotely.com/remote-jobs/flag-theory-customer-onboarding-specialist-for-company-incorporations-full-time-2
"Simplero Support Specialist (Full-Time, Remote)",Simplero,"Los Angeles, CA",https://weworkremotely.com/remote-jobs/simplero-simplero-support-specialist-full-time-remote
Senior Manager / Lead ‚Äì Sanctions & Financial Crime Risk Management (FCRM) - 0122 SS #4,NavitasPartners,Fully Remote Job,https://weworkremotely.com/remote-jobs/navitaspartners-senior-manager-lead-sanctions-financial-crime-risk-management-fcrm-0122
CRM ServiceNow Technology Consultant,ServiceNow,"Avenida Faria Lima 4055, 3rd Floor, S√£o Paulo, Brazil",https://weworkremotely.com/remote-jobs/servicenow-crm-servicenow-technology-consultant
Business Development Representative - Italy,HubSpot,Remote - Ireland,https://weworkremotely.com/remote-jobs/hubspot-business-development-representative-italy
Microsoft Dynamics CRM Developer,hastree Technologies,Noida,https://weworkremotely.com/remote-jobs/hastree-technologies-microsoft-dynamics-crm-developer
Community & Support Specialist - EST Time Zone (Remote Consultant),IFTTT,"San Francisco, CA",https://weworkremotely.com/remote-jobs/ifttt-community-support-specialist-est-time-zone-remote-consultant
"Senior Customer Success Manager, TOLA (Spanish speaking)",Abnormal,"California, US",https://weworkremotely.com/remote-jobs/abnormal-senior-customer-success-manager-tola-spanish-speaking
Digital Agency Account Manager,Icarus Digital Marketing,"EU, Remote",https://weworkremotely.com/remote-jobs/icarus-digital-marketing-digital-agency-account-manager
CRM Solutions Architect (USA),Huble,"Chicago, Illinois, United States",https://weworkremotely.com/remote-jobs/huble-crm-solutions-architect-usa
"Principal Engineer, CRM & MarTech",Stitch Fix,"Remote, USA",https://weworkremotely.com/remote-jobs/stitch-fix-principal-engineer-crm-martech
Dynamics 365 CRM Developer,isolutions,"Barcelona, ES",https://weworkremotely.com/remote-jobs/isolutions-dynamics-365-crm-developer
"Clinical Specialist, CRM - Houston TX",Abbott,United States of America : Remote,https://weworkremotely.com/remote-jobs/abbott-clinical-specialist-crm-houston-tx
"Product Management Director, CRM & Strategic Platform Integrations",Genesys,Virtual Office (Indiana),https://weworkremotely.com/remote-jobs/genesys-product-management-director-crm-strategic-platform-integrations
CRM Localization Specialist (German language),Medier,Remote,https://weworkremotely.com/remote-jobs/medier-crm-localization-specialist-german-language
Student Private Jet Broker,EchoJet Limited,"Cornwall, UK",https://weworkremotely.com/remote-jobs/echojet-limited-student-private-jet-broker
Remote Inside Sales,Your Resource Group LLC,USA,https://weworkremotely.com/remote-jobs/your-resource-group-llc-remote-inside-sales
Director of Revenue,Yoko Co,"McLean, VA",https://weworkremotely.com/remote-jobs/yoko-co-director-of-revenue-1
"Video Editor (Full Time, Remote)",Forward Push Law Firm Marketing,United States,https://weworkremotely.com/remote-jobs/forward-push-law-firm-marketing-video-editor-full-time-remote
Account Executive,Arc.dev,Remote,https://weworkremotely.com/remote-jobs/arc-dev-account-executive
Remote Sales Representative,Credit Joy,Delaware,https://weworkremotely.com/remote-jobs/credit-joy-remote-sales-representative
Inside Sales Contractor,Report Owl LLC,USA,https://weworkremotely.com/remote-jobs/report-owl-llc-inside-sales-contractor
Marketing Strategy Advisor,NewtonX,"New York, NY",https://weworkremotely.com/remote-jobs/newtonx-marketing-strategy-advisor
Remote Inside Sales,Report Owl LLC,USA,https://weworkremotely.com/remote-jobs/report-owl-llc-remote-inside-sales-3
Creative Strategist & Content Lead (Remote),Forward Push Law Firm Marketing,United States,https://weworkremotely.com/remote-jobs/forward-push-law-firm-marketing-creative-strategist-content-lead-remote-1
Client Success Manager (Remote),Forward Push Law Firm Marketing,United States,https://weworkremotely.com/remote-jobs/forward-push-law-firm-marketing-client-success-manager-remote-1
Digital Marketing Coach,6 Figure Creative,United States,https://weworkremotely.com/remote-jobs/6-figure-creative-digital-marketing-coach-6
Sales Operations,Sol√© Bicycles,"Venice Beach, California",https://weworkremotely.com/remote-jobs/sole-bicycles-sales-operations
"Senior Growth Marketer (Product-Led, Full-Funnel)",Positive Intelligence,California,https://weworkremotely.com/remote-jobs/positive-intelligence-senior-growth-marketer-product-led-full-funnel
Senior Retention Strategist,Lilo Social,United States,https://weworkremotely.com/remote-jobs/lilo-social-senior-retention-strategist
Field Sales Mitarbeiter (m/w/d),Fiserv,"Frankfurt, Germany",https://weworkremotely.com/remote-jobs/fiserv-field-sales-mitarbeiter-m-w-d
Sp√©cialiste de contenu pour les r√©seaux sociaux (anglais + fran√ßais) / Social Media Content Specialist (English + French) - REMOTE,dentsu,Quebec ‚Äì Remote,https://weworkremotely.com/remote-jobs/dentsu-specialiste-de-contenu-pour-les-reseaux-sociaux-anglais-francais-social-media-content
Senior Director Product Marketing - Clinical & Efficiency,Siemens Healthineers,MLV LB,https://weworkremotely.com/remote-jobs/siemens-healthineers-senior-director-product-marketing-clinical-efficiency
US Vyndamax Regional Marketing Director - West,Pfizer,United States - Remote,https://weworkremotely.com/remote-jobs/pfizer-us-vyndamax-regional-marketing-director-west
Business Developement Executive,AIApply,US,https://weworkremotely.com/remote-jobs/aiapply-business-developement-executive
Account Executive/Sales (Full-Cycle),dofollow.com,Delaware,https://weworkremotely.com/remote-jobs/dofollow-com-account-executive-sales-full-cycle
Sales Manager,Community Phone,San Francisco,https://weworkremotely.com/remote-jobs/community-phone-sales-manager
Sales Assistant / Business Development Respresentative,borderless,Louisville,https://weworkremotely.com/remote-jobs/borderless-sales-assistant-business-development-respresentative
Google PPC Specialist (Freelance / Part-Time / Overseas),Volcano Builders,"Seattle, WA",https://weworkremotely.com/remote-jobs/volcano-builders-google-ppc-specialist-freelance-part-time-overseas
Business Development Manager,BBE Marketing Inc,"Hurst, TX",https://weworkremotely.com/remote-jobs/bbe-marketing-inc-business-development-manager
Senior Software Engineer,WALTER,Remote,https://weworkremotely.com/remote-jobs/walter-senior-software-engineer
Low-Ego ‚Ä¢ High-Impact Junior Developer For AI Company,DRT FM - Humble Echo LLC,"Latvia, Riga, Kuldigas 23a-3",https://weworkremotely.com/remote-jobs/drt-fm-humble-echo-llc-low-ego-high-impact-junior-developer-for-ai-company
Senior Ruby on Rails Developer,OnTheGoSystems,Remote,https://weworkremotely.com/remote-jobs/onthegosystems-senior-ruby-on-rails-developer
Software engineer,Sticker Mule,"New York, NY",https://weworkremotely.com/remote-jobs/sticker-mule-software-engineer-2
Full Stack Engineer - Ruby on Rails and React,Planning Center,"Carlsbad, CA",https://weworkremotely.com/remote-jobs/planning-center-full-stack-engineer-ruby-on-rails-and-react
Senior Fullstack Developer,Zencastr,Zencastr,https://weworkremotely.com/remote-jobs/zencastr-senior-fullstack-developer
Software Engineer,Cortes 23,"Philadelphia, USA",https://weworkremotely.com/remote-jobs/cortes-23-software-engineer-3
Senior Shopify Developer (Remote + Flexible),Storetasker,"Brooklyn, NY",https://weworkremotely.com/remote-jobs/storetasker-senior-shopify-developer-remote-flexible-3
AI Software Engineer,SlideSpeak,"London, UK",https://weworkremotely.com/remote-jobs/slidespeak-ai-software-engineer
"Senior Software Engineer, Growth",Clerk,"San Francisco, CA",https://weworkremotely.com/remote-jobs/clerk-senior-software-engineer-growth
Full Stack Developer,QinetiQ US,"Washington, District of Columbia, United States",https://weworkremotely.com/remote-jobs/qinetiq-us-full-stack-developer
Senior Web Application Developer,Details,Fully Remote,https://weworkremotely.com/remote-jobs/details-senior-web-application-developer
Product Marketing Lead,WeVote,Remote,https://weworkremotely.com/remote-jobs/wevote-product-marketing-lead
Optimization Specialist,ONeil Interactive,"Hunt Valley, Maryland, 21031 United States",https://weworkremotely.com/remote-jobs/oneil-interactive-optimization-specialist
"Experienced Full-Stack Software Engineer (.NET/React), 80‚Äì100% (f/m/x), fully remote",comparis.ch,Zuerich,https://weworkremotely.com/remote-jobs/comparis-ch-experienced-full-stack-software-engineer-net-react-80-100-f-m-x-fully-remote
Senior Software Engineer,fonio,"Vienna, Austria",https://weworkremotely.com/remote-jobs/fonio-senior-software-engineer
Senior Software Engineer,Stellar AI,London,https://weworkremotely.com/remote-jobs/stellar-ai-senior-software-engineer
Applied AI Engineer,SuperPlane Inc.,USA,https://weworkremotely.com/remote-jobs/superplane-inc-applied-ai-engineer
Passionate Full-Stack Engineer (SEO-Focused Company),SerpNames,USA,https://weworkremotely.com/remote-jobs/serpnames-passionate-full-stack-engineer-seo-focused-company
Full-Stack Engineer,DynamiCare Health,"Boston, MA, USA",https://weworkremotely.com/remote-jobs/dynamicare-health-full-stack-engineer
Senior Fullstack Developer (Python),Proxify AB,Sweden,https://weworkremotely.com/remote-jobs/proxify-ab-senior-fullstack-developer-python-1
Senior Fullstack Developer (Vue.js & Python),Proxify AB,Sweden,https://weworkremotely.com/remote-jobs/proxify-ab-senior-fullstack-developer-vue-js-python
Senior PHP Full-stack Developer,Lemon.io,"New York, NY",https://weworkremotely.com/remote-jobs/lemon-io-senior-php-full-stack-developer
Senior Full-stack Developer,Lemon.io,"New York, NY",https://weworkremotely.com/remote-jobs/lemon-io-senior-full-stack-developer-7
"Senior Software Engineer (.NET, Node.js, React)",OpsFlow,Poland,https://weworkremotely.com/remote-jobs/opsflow-senior-software-engineer-net-node-js-react
Product Designer (Hardware / 3D CAD),KYS Norway,Norway,https://weworkremotely.com/remote-jobs/kys-norway-product-designer-hardware-3d-cad
"Virtual Design & Construction (VDC) Designer ‚Äì Miamisburg, OH (On-Site)",Danis Construction,"Miamisburg, Ohio, United States",https://weworkremotely.com/remote-jobs/danis-construction-virtual-design-construction-vdc-designer-miamisburg-oh-on-site
Semiconductor Design Manager,AECOM,"San Jose, CA, United States",https://weworkremotely.com/remote-jobs/aecom-semiconductor-design-manager
Senior Growth Product Manager,Kit,Remote,https://weworkremotely.com/remote-jobs/kit-senior-growth-product-manager
Virtual Design and Construction Planner,Miller Electric Company,US-FL-Jacksonville,https://weworkremotely.com/remote-jobs/miller-electric-company-virtual-design-and-construction-planner
Product Manager,Unlayer,Worldwide,https://weworkremotely.com/remote-jobs/unlayer-product-manager-1
Graphic Designer/Social Media Manager,BBE Marketing Inc,"Hurst, TX",https://weworkremotely.com/remote-jobs/bbe-marketing-inc-graphic-designer-social-media-manager-1
"Customer Success Manager, Digital (VSMB/SMB)",Float,Remote,https://weworkremotely.com/remote-jobs/float-customer-success-manager-digital-vsmb-smb
"Senior Product Manager, Plan",GitLab,"San Francisco, US",https://weworkremotely.com/remote-jobs/gitlab-senior-product-manager-plan
"Vice President, Acquisitions & Business Development ‚Äì Caribbean and Latin America (CALA)",Davidson Hospitality Group,"Atlanta, Georgia, United States",https://weworkremotely.com/remote-jobs/davidson-hospitality-group-vice-president-acquisitions-business-development-caribbean-and-latin-america-cala
Design Engineer,ElevenLabs,United Kingdom,https://weworkremotely.com/remote-jobs/elevenlabs-design-engineer
Automation Design Engineer,Globetek,Remote,https://weworkremotely.com/remote-jobs/globetek-automation-design-engineer
UX Researcher (Contract),Anatta Design,Remote,https://weworkremotely.com/remote-jobs/anatta-design-ux-researcher-contract
Amazon Graphic Designer,Adaptive Teams,"Quezon City, APAC, 1100 Philippines",https://weworkremotely.com/remote-jobs/adaptive-teams-amazon-graphic-designer
Freelance Art Director - Brand Design (B2B SaaS Client),Camping TV,"Ramon Turro 100 Barcelona, Barcelona, 08005 Spain",https://weworkremotely.com/remote-jobs/camping-tv-freelance-art-director-brand-design-b2b-saas-client
UX/UI Designer,Obrio,Ukraine,https://weworkremotely.com/remote-jobs/obrio-ux-ui-designer
Home Design Lead,Higharc,Remote (United States),https://weworkremotely.com/remote-jobs/higharc-home-design-lead
Civil Design Engineer II,Revamp Engineering,United States,https://weworkremotely.com/remote-jobs/revamp-engineering-civil-design-engineer-ii
UI/UX Designer,Spiralyze,"Atlanta, Georgia",https://weworkremotely.com/remote-jobs/spiralyze-ui-ux-designer-2
Senior Mechanical Designer 1 - Nuclear Power,Sargent & Lundy,"Remote, United States",https://weworkremotely.com/remote-jobs/sargent-lundy-senior-mechanical-designer-1-nuclear-power
Disruption Designer,steampunk,"McLean, Virginia, United States",https://weworkremotely.com/remote-jobs/steampunk-disruption-designer
Senior Product Manager,Lillio,Toronto,https://weworkremotely.com/remote-jobs/lillio-senior-product-manager
Civil Design Manager - Site Design,Olsson,"Dallas, TX; Fort Worth, TX; Texas - Remote",https://weworkremotely.com/remote-jobs/olsson-civil-design-manager-site-design
Creative (Content Design),Superside,Global,https://weworkremotely.com/remote-jobs/superside-creative-content-design
Lead Product Designer,Rare Days,Vancouver,https://weworkremotely.com/remote-jobs/rare-days-lead-product-designer
Project Manager,Spiralyze,"Atlanta, Georgia",https://weworkremotely.com/remote-jobs/spiralyze-project-manager
Development Manager,WPForms,"West Palm Beach, Florida, United States",https://weworkremotely.com/remote-jobs/wpforms-development-manager
Accountant,Xenali,Edmonton,https://weworkremotely.com/remote-jobs/xenali-accountant
Procurement & Purchasing Specialist,Xenali,Edmonton,https://weworkremotely.com/remote-jobs/xenali-procurement-purchasing-specialist
Virtual Banker - Evenings,OneMCI,"Garden City, Georgia, United States",https://weworkremotely.com/remote-jobs/onemci-virtual-banker-evenings
Dealer Relationship Manager - CO/NM,Axos Bank,Remote - CO,https://weworkremotely.com/remote-jobs/axos-bank-dealer-relationship-manager-co-nm
Life Insurance Sales Agent,Peterson Agency,Remote,https://weworkremotely.com/remote-jobs/peterson-agency-life-insurance-sales-agent-2
Transformation Executive Senior Director (Financial Services Sector) Remote,NTT Data,Remote,https://weworkremotely.com/remote-jobs/ntt-data-transformation-executive-senior-director-financial-services-sector-remote
Finance Manager,Compass Group,Remote (With Minimal Travel 10-15%),https://weworkremotely.com/remote-jobs/compass-group-finance-manager
Finance & Accounting Manager,Rippleworks,United States,https://weworkremotely.com/remote-jobs/rippleworks-finance-accounting-manager
"Senior Advisor, Supervision- Supervisory Solutions",Raymond James,Remote Colorado - United States,https://weworkremotely.com/remote-jobs/raymond-james-senior-advisor-supervision-supervisory-solutions
Virtual Insurance Customer Service Representative- NO COLD CALLS / Work from Home,Meron Financial Agency,"Phoenix, AZ",https://weworkremotely.com/remote-jobs/meron-financial-agency-virtual-insurance-customer-service-representative-no-cold-calls-work-from-home
Future Opportunities,Monarch Money,Remote,https://weworkremotely.com/remote-jobs/monarch-money-future-opportunities
SAP Finance (FI/CO) Migration Architect (m/w/d),Natuvion,"Leipziger Str. 124 Berlin, BE, 10117 Berlin Germany",https://weworkremotely.com/remote-jobs/natuvion-sap-finance-fi-co-migration-architect-m-w-d
Vice President of Finance (Remote US),Maximus Health,United States (Remote),https://weworkremotely.com/remote-jobs/maximus-health-vice-president-of-finance-remote-us
Remote Stock & Options Trader (Funded Capital Program),Maverick Trading,"Salt Lake City, UT, USA",https://weworkremotely.com/remote-jobs/maverick-trading-remote-stock-options-trader-funded-capital-program
"VP, Regional Wealth Management Consultant",American Century Investments,"Virginia, Remote",https://weworkremotely.com/remote-jobs/american-century-investments-vp-regional-wealth-management-consultant
"Manager, Finance & Strategy - Product Finance",DoorDash USA,"San Francisco, CA; Los Angeles, CA; New York, NY; United States - Remote",https://weworkremotely.com/remote-jobs/doordash-usa-manager-finance-strategy-product-finance
"Healthcare Managed Care and Financial Strategy , Managing Consultant",Guidehouse,US - Remote (Any location),https://weworkremotely.com/remote-jobs/guidehouse-healthcare-managed-care-and-financial-strategy-managing-consultant
Bilingual Financial Customer Service Representative - April 2026,Empower Retirement,AZ Phoenix - Remote,https://weworkremotely.com/remote-jobs/empower-retirement-bilingual-financial-customer-service-representative-april-2026
Senior Consultant ‚Äì Financial Planning and Analysis,Pyrovio,"Akron, OH / Ann Arbor, MI",https://weworkremotely.com/remote-jobs/pyrovio-senior-consultant-financial-planning-and-analysis
Marketing Automation SaaS + Services Line of Business Owner,New Law Business Model,"Boulder, CO",https://weworkremotely.com/remote-jobs/new-law-business-model-marketing-automation-saas-services-line-of-business-owner
Head of Global Account Management,ScaleOps,United States,https://weworkremotely.com/remote-jobs/scaleops-head-of-global-account-management
"Director, Credit Risk Analytics",Prosper,United States,https://weworkremotely.com/remote-jobs/prosper-director-credit-risk-analytics
"Senior Sales Executive, Asset Management Technology Solutions",SS&C,"Remote - Massachusetts, US",https://weworkremotely.com/remote-jobs/ss-c-senior-sales-executive-asset-management-technology-solutions
Product Developer / Engineer @ Fun Ecom Co | Great People & Flexible Hours,JLS Trading Co.,"Charlotte, NC",https://weworkremotely.com/remote-jobs/jls-trading-co-product-developer-engineer-fun-ecom-co-great-people
Head of Community,The Tech Tribe,"Sydney, Australia",https://weworkremotely.com/remote-jobs/the-tech-tribe-head-of-community
Senior WordPress Developer,WPForms,"West Palm Beach, Florida, United States",https://weworkremotely.com/remote-jobs/wpforms-senior-wordpress-developer-1
"Senior Account Executive, SaaS, Remote",Planet Green Search,"Charlotte, NC ¬∑ Sales",https://weworkremotely.com/remote-jobs/planet-green-search-senior-account-executive-saas-remote-1
Tier 1 Support Engineer,Avoxi,Remote,https://weworkremotely.com/remote-jobs/avoxi-tier-1-support-engineer
Account Executive üöÄ Limaüìç (SaaS Enterprise),Minderest,Remote,https://weworkremotely.com/remote-jobs/minderest-account-executive-lima-saas-enterprise
Enterprise Account Executive,Applied Systems,Canada,https://weworkremotely.com/remote-jobs/applied-systems-enterprise-account-executive
Senior DevSecOps Engineer,Element 84,Alexandria HQ (remote),https://weworkremotely.com/remote-jobs/element-84-senior-devsecops-engineer
Product Engineer (100% Remote),Tether,El Salvador,https://weworkremotely.com/remote-jobs/tether-product-engineer-100-remote
"Sr. Oracle SCM Functional Specialist, Global SaaS & Apps Delivery",Oracle,"WA, United States",https://weworkremotely.com/remote-jobs/oracle-sr-oracle-scm-functional-specialist-global-saas-apps-delivery
Werkstudent f√ºr Verkehrsdatenanalyse (m/w/d),PTV Group,"M√ºnchen, Bavaria, 80335 Germany",https://weworkremotely.com/remote-jobs/ptv-group-werkstudent-fur-verkehrsdatenanalyse-m-w-d
Director of Sales ‚Äì Platform Revenue (SaaS | ERP + Labor Management + Payments),Silo,Remote (United States),https://weworkremotely.com/remote-jobs/silo-director-of-sales-platform-revenue-saas-erp-labor-management-payments
Enterprise Account Executive (Remote),Visit.org,"San Francisco, California, United States",https://weworkremotely.com/remote-jobs/visit-org-enterprise-account-executive-remote
Client Support Supervisor,Soma Global,This is a remote role,https://weworkremotely.com/remote-jobs/soma-global-client-support-supervisor
Product Lead (Contract),Jumpspeak,Miami,https://weworkremotely.com/remote-jobs/jumpspeak-product-lead-contract
QA Analyst,Wealthbox CRM,Remote,https://weworkremotely.com/remote-jobs/wealthbox-crm-qa-analyst
Senior Account Executive ‚Äì Aviation & Compliance SaaS (Remote),Urrly,"Dallas, TX",https://weworkremotely.com/remote-jobs/urrly-senior-account-executive-aviation-compliance-saas-remote
Sales Manager - Senior,Softswiss,"127 Triq Ix - Xatt Il-G≈ºira, Malta",https://weworkremotely.com/remote-jobs/softswiss-sales-manager-senior
"Senior Account Executive, SaaS, Remote",Planet Green Search,"Charlotte, NC ¬∑ Sales",https://weworkremotely.com/remote-jobs/planet-green-search-senior-account-executive-saas-remote
Business Development Representative (SaaS),Team Satchel,"Tx, Texas, United States",https://weworkremotely.com/remote-jobs/team-satchel-business-development-representative-saas
Managing Director - FP&A SaaS - Private Equity Advisory,CrossCountry Consulting,United States,https://weworkremotely.com/remote-jobs/crosscountry-consulting-managing-director-fp-a-saas-private-equity-advisory
Technical Project Lead,Airdev,San Francisco,https://weworkremotely.com/remote-jobs/airdev-technical-project-lead
Senior Independent Product Manager/Product Designer ($90-$170/hr),A.Team,"NYC, SF, and TLV",https://weworkremotely.com/remote-jobs/a-team-senior-independent-product-manager-product-designer-90-170-hr
